codigo_analise,cod_frota,descricao_veiculo,placa,modelo,cod_compartimento,compartimento,km_retirada,data_coleta,status,resultado,data_resultado,ordem_servico,agendamento
5208,60102,AUTOMOVEL VW SAVEIRO CS RB MF SYR-5F23,SYR-5F23,VW SAVEIRO CS RB MF,200,CARTER MOTOR,318118,2026-04-29,1,NORMAL,2026-04-30,0,0
5207,62279,TRATOR JOHN DEERE 7M230,AAA-9999,JOHN DEERE 7M230,200,CARTER MOTOR,1725,2026-04-29,1,NORMAL,2026-04-30,0,0
5206,62515,COLHEDORA JOHN DEERE CH570,AAA-9999,JOHN DEERE CH570,200,CARTER MOTOR,10168,2026-04-29,1,NORMAL,2026-04-30,0,0
5205,62212,TRATOR VALTRA A950,AAA-9999,VALTRA A950,200,CARTER MOTOR,8997,2026-04-29,1,NORMAL,2026-04-30,0,0
5204,60906,CAMINHAO VOLVO VM 270 QXX-5B99,QXX-5B99,VOLVO VM 270 - HORIMETRO,200,CARTER MOTOR,4788,2026-04-29,1,NORMAL,2026-04-30,0,0
5203,62200,TRATOR JOHN DEERE 6190J,AAA-9999,JOHN DEERE 6190J,200,CARTER MOTOR,170,2026-04-29,1,NORMAL,2026-04-30,0,0
5202,62228,TRATOR JOHN DEERE 7230J,AAA-9999,JOHN DEERE 7230J,200,CARTER MOTOR,22258,2026-04-29,1,NORMAL,2026-04-30,0,0
5201,62246,TRATOR JOHN DEERE 7230J,AAA-9999,JOHN DEERE 7230J,200,CARTER MOTOR,122854,2026-04-29,1,NORMAL,2026-04-30,0,0
5200,60111,AUTOMOVEL RENAULT OROCH INTENSE TFT-8J82,TFT-8J82,RENAULT OROCH INTENSE,200,CARTER MOTOR,54400,2026-04-29,1,NORMAL,2026-04-30,0,0
5199,62525,COLHEDORA JOHN DEERE CH570,AAA-9999,JOHN DEERE CH570,200,CARTER MOTOR,372,2026-04-29,1,NORMAL,2026-04-30,0,0
5198,62266,TRATOR JOHN DEERE 7M230,AAA-9999,JOHN DEERE 7M230,200,CARTER MOTOR,6139,2026-04-29,1,NORMAL,2026-04-30,0,0
5197,60818,CAMINHAO VW 15190 GDF-9G83,GDF-9G83,VW 15190 - HORIMETRO,200,CARTER MOTOR,236431,2026-04-29,1,NORMAL,2026-04-30,0,0
5196,64202,MOTONIVELADORA JOHN DEERE 620P,AAA-9999,JOHN DEERE 620P,200,CARTER MOTOR,7911,2026-04-29,1,NORMAL,2026-04-30,0,0
5195,62517,COLHEDORA JOHN DEERE CH570,AAA-9999,JOHN DEERE CH570,200,CARTER MOTOR,12404,2026-04-29,1,NORMAL,2026-04-30,0,0
5194,60510,CAMINHAO VOLVO FMX 540 QXR-8J92,QXR-8J92,VOLVO FMX 540,200,CARTER MOTOR,412138,2026-04-29,1,NORMAL,2026-04-30,0,0
5193,62510,COLHEDORA JOHN DEERE CH570,AAA-9999,JOHN DEERE CH570,200,CARTER MOTOR,15715,2026-04-29,1,NORMAL,2026-04-30,0,0
5192,62242,TRATOR JOHN DEERE 7230J,AAA-9999,JOHN DEERE 7230J,200,CARTER MOTOR,25428,2026-04-29,1,VISCOSIDADE FORA,2026-04-30,0,0
5191,60804,CAMINHAO VW 9170 QXX-3J83,QXX-3J83,VW 9170,200,CARTER MOTOR,325961,2026-04-29,1,SÍLICA,2026-04-30,0,0
5190,62232,TRATOR JOHN DEERE 7230J,AAA-9999,JOHN DEERE 7230J,200,CARTER MOTOR,1956,2026-04-29,1,NORMAL,2026-04-30,0,0
5189,61251,CAMINHAO VOLVO VM 330 QXH-9D56,QXH-9D56,VOLVO VM 330,200,CARTER MOTOR,342558,2026-04-29,1,NORMAL,2026-04-30,0,0
5188,60532,CAMINHAO VOLVO FH 540 SHC-6H48,SHC-6H48,VOLVO FH 540,200,CARTER MOTOR,294695,2026-04-28,1,NORMAL,2026-04-29,0,0
5187,60817,CAMINHAO VW 15190 PCG-8H55,PCG-8H55,VW 15190 - HORIMETRO,200,CARTER MOTOR,198122,2026-04-28,1,NORMAL,2026-04-29,0,0
5186,60800,CAMINHAO VOLVO VM 270 QXA-7193,QXA-7193,VOLVO VM 270,200,CARTER MOTOR,542399,2026-04-28,1,NORMAL,2026-04-29,0,0
5185,62281,TRATOR JOHN DEERE 6190J,AAA-9999,JOHN DEERE 6190J,200,CARTER MOTOR,1343,2026-04-28,1,NORMAL,2026-04-29,0,0
5184,62280,TRATOR JOHN DEERE 6190J,AAA-9999,JOHN DEERE 6190J,200,CARTER MOTOR,1210,2026-04-28,1,CRITICO,2026-04-29,0,0
5183,62259,TRATOR JOHN DEERE 6190J,AAA-9999,JOHN DEERE 6190J,200,CARTER MOTOR,8147,2026-04-28,1,NORMAL,2026-04-29,0,0
5182,62250,TRATOR JOHN DEERE 6190J,AAA-9999,JOHN DEERE 6190J,200,CARTER MOTOR,12542,2026-04-28,1,CRITICO,2026-04-29,0,0
5181,62001,CARREGADEIRA VALTRA BM100,AAA-9999,VALTRA BM100,200,CARTER MOTOR,237,2026-04-28,1,CRITICO,2026-04-29,0,0
5180,62258,TRATOR JOHN DEERE 5090E,AAA-9999,JOHN DEERE 5090E,200,CARTER MOTOR,4538,2026-04-27,1,NORMAL,2026-04-28,0,0
5179,60275,MOTOCICLETA YAMAHA CROSSER Z TEE-8C25,TEE-8C25,YAMAHA CROSSER Z,200,CARTER MOTOR,60282,2026-04-27,1,NORMAL,2026-04-28,0,0
5178,60106,AUTOMOVEL VW SAVEIRO CD RB MF PVR-7B50,PVR-7B50,VW SAVEIRO CD RB MF,200,CARTER MOTOR,203836,2026-04-27,1,NORMAL,2026-04-28,0,0
5177,62278,TRATOR JOHN DEERE 7M230,AAA-9999,JOHN DEERE 7M230,200,CARTER MOTOR,1298,2026-04-27,1,NORMAL,2026-04-28,0,0
5176,60552,CAMINHAO VOLVO FM 540 SCG-5I38,SCG-5I38,VOLVO FM 540,200,CARTER MOTOR,268018,2026-04-27,1,LEVES LIMALHA,2026-04-28,0,0
5175,60093,AUTOMOVEL FIAT STRADA ENDURANCE SHK-1E11,SHK-1E11,FIAT STRADA ENDURANCE,202,CAIXA CAMBIO,306662,2026-04-27,1,VISCOSIDADE FORA,2026-04-28,0,0
5174,62222,TRATOR JOHN DEERE 6190J,AAA-9999,JOHN DEERE 6190J,200,CARTER MOTOR,13810,2026-04-27,1,NORMAL,2026-04-28,0,0
5173,60912,CAMINHAO VOLVO VM 270 SHJ-5F28,SHJ-5F28,VOLVO VM 270 - HORIMETRO,200,CARTER MOTOR,9282,2026-04-27,1,NORMAL,2026-04-28,0,0
5172,60543,CAMINHAO VOLVO FM 540 SYK-4C71,SYK-4C71,VOLVO FM 540,200,CARTER MOTOR,254352,2026-04-27,1,NORMAL,2026-04-28,0,0
5171,62276,TRATOR JOHN DEERE 7M230,AAA-9999,JOHN DEERE 7M230,200,CARTER MOTOR,1305,2026-04-27,1,NORMAL,2026-04-28,0,0
5170,60107,AUTOMOVEL VW SAVEIRO CS RB MF QXW-9B26,QXW-9B26,VW SAVEIRO CS RB MF,200,CARTER MOTOR,122186,2026-04-27,1,NORMAL,2026-04-28,0,0
5169,60093,AUTOMOVEL FIAT STRADA ENDURANCE SHK-1E11,SHK-1E11,FIAT STRADA ENDURANCE,200,CARTER MOTOR,306662,2026-04-27,1,NORMAL,2026-04-28,0,0
5168,60076,AUTOMOVEL FIAT STRADA ENDURANCE RUY-7I91,RUY-7I91,FIAT STRADA ENDURANCE,200,CARTER MOTOR,288203,2026-04-27,1,NORMAL,2026-04-28,0,0
5167,60274,MOTOCICLETA YAMAHA CROSSER Z TEE-8C22,TEE-8C22,YAMAHA CROSSER Z,200,CARTER MOTOR,38200,2026-04-27,1,NORMAL,2026-04-28,0,0
5166,60078,AUTOMOVEL FIAT STRADA FREEDOM RVD-5C08,RVD-5C08,FIAT STRADA FREEDOM,200,CARTER MOTOR,159807,2026-04-27,1,NORMAL,2026-04-28,0,0
5165,60502,CAMINHAO VOLVO FMX 540 QUO-2D67,QUO-2D67,VOLVO FMX 540,200,CARTER MOTOR,315686,2026-04-27,1,NORMAL,2026-04-28,0,0
5164,60534,CAMINHAO VOLVO FM 540 SHC-9H41,SHC-9H41,VOLVO FM 540,200,CARTER MOTOR,291394,2026-04-24,1,VISCOSIDADE FORA,2026-04-28,0,0
5163,62269,TRATOR JOHN DEERE 5090E,AAA-9999,JOHN DEERE 5090E,200,CARTER MOTOR,4039,2026-04-27,1,VISCOSIDADE FORA,2026-04-28,0,0
5162,62270,TRATOR JOHN DEERE 5090E,AAA-9999,JOHN DEERE 5090E,200,CARTER MOTOR,3542,2026-04-27,1,NORMAL,2026-04-28,0,0
5161,60268,MOTOCICLETA YAMAHA XTZ 150Z HIV-9I15,HIV-9I15,YAMAHA XTZ CROSSER 150Z,200,CARTER MOTOR,115809,2026-04-27,1,NORMAL,2026-04-28,0,0
5160,60057,AUTOMOVEL FIAT STRADA FREEDOM TCF-4G86,TCF-4G86,FIAT STRADA FREEDOM,200,CARTER MOTOR,179195,2026-04-27,1,NORMAL,2026-04-28,0,0
5159,62204,TRATOR JOHN DEERE 7230J,AAA-9999,JOHN DEERE 7230J,200,CARTER MOTOR,22659,2026-04-27,1,NORMAL,2026-04-28,0,0
5158,60254,MOTOCICLETA HONDA NXR 160 BROS PQZ-1B13,PQZ-1B13,HONDA NXR 160 BROS,200,CARTER MOTOR,4526,2026-04-27,1,NORMAL,2026-04-28,0,0
5157,62225,TRATOR JOHN DEERE 5090E,AAA-9999,JOHN DEERE 5090E,200,CARTER MOTOR,4365,2026-04-25,1,NORMAL,2026-04-25,0,0
5156,60523,CAMINHAO VOLVO FH 540 SHC-4F24,SHC-4F24,VOLVO FH 540,200,CARTER MOTOR,326645,2026-04-25,1,NORMAL,2026-04-25,0,0
5155,60917,CAMINHAO VOLVO VM 270 RCE-9F89,RCE-9F89,VOLVO VM 270 - HORIMETRO,200,CARTER MOTOR,11118,2026-04-25,1,NORMAL,2026-04-25,0,0
5154,64000,PA CARREGADEIRA JOHN DEERE 624K,AAA-9999,JOHN DEERE 624K,200,CARTER MOTOR,10213,2026-04-24,1,NORMAL,2026-04-25,0,0
5153,62507,COLHEDORA JOHN DEERE CH570,AAA-9999,JOHN DEERE CH570,200,CARTER MOTOR,16840,2026-04-24,1,NORMAL,2026-04-25,0,0
5152,62527,COLHEDORA JOHN DEERE CH570,AAA-9999,JOHN DEERE CH570,200,CARTER MOTOR,253,2026-04-24,1,NORMAL,2026-04-25,0,0
5151,62203,TRATOR JOHN DEERE 6190J,AAA-9999,JOHN DEERE 6190J,200,CARTER MOTOR,12933,2026-04-24,1,CRITICO,2026-04-25,0,0
5150,62280,TRATOR JOHN DEERE 6190J,AAA-9999,JOHN DEERE 6190J,200,CARTER MOTOR,1163,2026-04-24,1,CRITICO,2026-04-25,0,0
5149,62528,COLHEDORA JOHN DEERE CH570,AAA-9999,JOHN DEERE CH570,200,CARTER MOTOR,236,2026-04-24,1,NORMAL,2026-04-25,0,0
5148,62282,TRATOR JOHN DEERE 6190J,AAA-9999,JOHN DEERE 6190J,200,CARTER MOTOR,832,2026-04-24,1,NORMAL,2026-04-25,0,0
5147,62513,COLHEDORA JOHN DEERE CH570,AAA-9999,JOHN DEERE CH570,200,CARTER MOTOR,9983,2026-04-24,1,NORMAL,2026-04-25,0,0
5146,62211,TRATOR VALTRA A950,AAA-9999,VALTRA A950,200,CARTER MOTOR,8457,2026-04-24,1,VISCOSIDADE FORA,2026-04-25,0,0
5145,62220,TRATOR JOHN DEERE 6190J,AAA-9999,JOHN DEERE 6190J,200,CARTER MOTOR,14244,2026-04-24,1,NORMAL,2026-04-25,0,0
5144,62503,COLHEDORA JOHN DEERE CH570,AAA-9999,JOHN DEERE CH570,200,CARTER MOTOR,16244,2026-04-24,1,NORMAL,2026-04-25,0,0
5143,62253,TRATOR JOHN DEERE 6190J,AAA-9999,JOHN DEERE 6190J,200,CARTER MOTOR,11820,2026-04-24,1,SÍLICA,2026-04-25,0,0
5142,60549,CAMINHAO VOLVO FM 540 SCA-8G02,SCA-8G02,VOLVO FM 540,200,CARTER MOTOR,389930,2026-04-24,1,NORMAL,2026-04-25,0,0
5141,62250,TRATOR JOHN DEERE 6190J,AAA-9999,JOHN DEERE 6190J,200,CARTER MOTOR,12491,2026-04-24,1,NORMAL,2026-04-25,0,0
5140,62529,COLHEDORA JOHN DEERE CH570,AAA-9999,JOHN DEERE CH570,200,CARTER MOTOR,230,2026-04-24,1,NORMAL,2026-04-25,0,0
5139,62215,TRATOR JOHN DEERE 6190J,AAA-9999,JOHN DEERE 6190J,200,CARTER MOTOR,10927,2026-04-24,1,NORMAL,2026-04-25,0,0
5138,62526,COLHEDORA JOHN DEERE CH570,AAA-9999,JOHN DEERE CH570,200,CARTER MOTOR,283,2026-04-24,1,NORMAL,2026-04-25,0,0
5137,62504,COLHEDORA JOHN DEERE CH570,AAA-9999,JOHN DEERE CH570,218,CORTE DE BASE,15885,2026-04-24,1,ÁGUA,2026-04-24,0,0
5136,60265,MOTOCICLETA YAMAHA XTZ 150S SHP-1F43,SHP-1F43,YAMAHA XTZ CROSSER 150S,200,CARTER MOTOR,99953,2026-04-24,1,NORMAL,2026-04-24,0,0
5135,60110,AUTOMOVEL STRADA FREEDOM TCE-0C44,TCE-0C44,FIAT STRADA FREEDOM,200,CARTER MOTOR,106140,2026-04-24,1,NORMAL,2026-04-24,0,0
5134,62257,TRATOR JOHN DEERE 6190J,AAA-9999,JOHN DEERE 6190J,200,CARTER MOTOR,9915,2026-04-23,1,NORMAL,2026-04-24,0,0
5133,62227,TRATOR JOHN DEERE 7230J,AAA-9999,JOHN DEERE 7230J,200,CARTER MOTOR,22496,2026-04-23,1,CRITICO,2026-04-24,0,0
5132,60088,AUTOMOVEL GM SPIN TEE-2C71,TEE-2C71,CHEVROLET GM SPIN,200,CARTER MOTOR,100400,2026-04-24,1,NORMAL,2026-04-24,0,0
5131,60263,MOTOCICLETA YAMAHA XTZ 150S RUZ-6B35,RUZ-6B35,YAMAHA XTZ CROSSER 150S,200,CARTER MOTOR,13119,2026-04-24,1,VISCOSIDADE FORA,2026-04-24,0,0
5130,62267,TRATOR JOHN DEERE 5090E,AAA-9999,JOHN DEERE 5090E,200,CARTER MOTOR,3997,2026-04-22,1,NORMAL,2026-04-23,0,0
5129,62263,TRATOR JOHN DEERE 7M230,AAA-9999,JOHN DEERE 7M230,200,CARTER MOTOR,6533,2026-04-22,1,NORMAL,2026-04-23,0,0
5128,62230,TRATOR VALTRA BH 224,AAA-9999,VALTRA BH 224,200,CARTER MOTOR,6377,2026-04-22,1,NORMAL,2026-04-23,0,0
5127,62256,TRATOR JOHN DEERE 6190J,AAA-9999,JOHN DEERE 6190J,200,CARTER MOTOR,11539,2026-04-22,1,NORMAL,2026-04-23,0,0
5126,62272,TRATOR VALTRA BH 224,AAA-9999,VALTRA BH 224,200,CARTER MOTOR,28152,2026-04-22,1,NORMAL,2026-04-23,0,0
5125,60264,MOTOCICLETA YAMAHA XTZ 150S RUS-1E27,RUS-1E27,YAMAHA XTZ CROSSER 150S,200,CARTER MOTOR,59728,2026-04-23,1,NORMAL,2026-04-23,0,0
5124,62240,TRATOR JOHN DEERE 7230J,AAA-9999,JOHN DEERE 7230J,200,CARTER MOTOR,11060,2026-04-22,1,VISCOSIDADE FORA,2026-04-23,0,0
5123,62524,COLHEDORA JOHN DEERE CH570,AAA-9999,JOHN DEERE CH570,200,CARTER MOTOR,311,2026-04-22,1,NORMAL,2026-04-23,0,0
5122,60910,CAMINHAO VOLVO VM 270 RCK-3I11,RCK-3I11,VOLVO VM 270 - HORIMETRO,200,CARTER MOTOR,1099,2026-04-22,1,NORMAL,2026-04-23,0,0
5121,62243,TRATOR JOHN DEERE 7230J,AAA-9999,JOHN DEERE 7230J,200,CARTER MOTOR,19680,2026-04-22,1,NORMAL,2026-04-23,0,0
5120,62254,TRATOR JOHN DEERE 6190J,AAA-9999,JOHN DEERE 6190J,200,CARTER MOTOR,10667,2026-04-22,1,CRITICO,2026-04-23,0,0
5119,62523,COLHEDORA JOHN DEERE CH570,AAA-9999,JOHN DEERE CH570,200,CARTER MOTOR,3303,2026-04-22,1,NORMAL,2026-04-23,0,0
5118,60273,MOTOCICLETA YAMAHA XTZ 150Z HIV-6J77,HIV-6J77,YAMAHA XTZ CROSSER 150Z,200,CARTER MOTOR,41568,2026-04-22,1,VISCOSIDADE FORA,2026-04-23,0,0
5117,60263,MOTOCICLETA YAMAHA XTZ 150S RUZ-6B35,RUZ-6B35,YAMAHA XTZ CROSSER 150S,200,CARTER MOTOR,13125,2026-04-22,1,VISCOSIDADE FORA,2026-04-23,0,0
5116,60260,MOTOCICLETA HONDA NXR 160 BROS RNV-6J68,RNV-6J68,HONDA NXR 160 BROS,200,CARTER MOTOR,134316,2026-04-22,1,NORMAL,2026-04-23,0,0
5115,60524,CAMINHAO VOLVO FM 540 SHC-4F19,SHC-4F19,VOLVO FM 540,200,CARTER MOTOR,372496,2026-04-21,1,NORMAL,2026-04-22,0,0
5114,60531,CAMINHAO VOLVO FM 540 SHC-9H35,SHC-9H35,VOLVO FM 540,200,CARTER MOTOR,230221,2026-04-21,1,NORMAL,2026-04-22,0,0
5113,60091,AUTOMOVEL FIAT STRADA ENDURANCE RVU-9I75,RVU-9I75,FIAT STRADA ENDURANCE,200,CARTER MOTOR,207779,2026-04-21,1,VISCOSIDADE FORA,2026-04-22,0,0
5112,60259,MOTOCICLETA HONDA NXR 160 BROS RNV-5F17,RNV-5F17,HONDA NXR 160 BROS,200,CARTER MOTOR,148378,2026-04-21,1,NORMAL,2026-04-22,0,0
5111,60274,MOTOCICLETA YAMAHA CROSSER Z TEE-8C22,TEE-8C22,YAMAHA CROSSER Z,200,CARTER MOTOR,37260,2026-04-21,1,NORMAL,2026-04-22,0,0
5110,62261,TRATOR JOHN DEERE 5090E,AAA-9999,JOHN DEERE 5090E,200,CARTER MOTOR,7096,2026-04-20,1,NORMAL,2026-04-21,0,0
5109,64003,PA CARREGADEIRA JOHN DEERE 624K,AAA-9999,JOHN DEERE 624K,200,CARTER MOTOR,25445,2026-04-20,1,NORMAL,2026-04-21,0,0
5108,64000,PA CARREGADEIRA JOHN DEERE 624K,AAA-9999,JOHN DEERE 624K,200,CARTER MOTOR,10125,2026-04-20,1,CRITICO,2026-04-21,0,0
5107,61152,CAMINHAO VOLVO VM 270 RCG-2J33,RCG-2J33,VOLVO VM 270 - HORIMETRO,200,CARTER MOTOR,1681,2026-04-21,1,NORMAL,2026-04-21,0,0
5106,61003,CAMINHAO MUNCK VOLVO VM 270 SDE-6J47,SDE-6J47,VOLVO VM 270 - HORIMETRO,200,CARTER MOTOR,5218,2026-04-20,1,SÍLICA,2026-04-21,0,0
5105,60915,CAMINHAO VOLVO VM 270 SHJ-5F25,SHJ-5F25,VOLVO VM 270 - HORIMETRO,200,CARTER MOTOR,547,2026-04-21,1,NORMAL,2026-04-21,0,0
5104,60907,CAMINHAO VOLVO VM 270 QXX-4A16,QXX-4A16,VOLVO VM 270 - HORIMETRO,200,CARTER MOTOR,6250,2026-04-20,1,NORMAL,2026-04-21,0,0
5103,60903,CAMINHAO VOLVO FH 520 NLG-0043,NLG-0043,VOLVO FH 520 - HORIMETRO,200,CARTER MOTOR,31834,2026-04-20,1,NORMAL,2026-04-21,0,0
5102,60527,CAMINHAO VOLVO FM 540 SHC-6H57,SHC-6H57,VOLVO FM 540,200,CARTER MOTOR,268482,2026-04-20,1,NORMAL,2026-04-21,0,0
5101,60526,CAMINHAO VOLVO FH 540 SHC-9H74,SHC-9H74,VOLVO FH 540,200,CARTER MOTOR,334010,2026-04-20,1,NORMAL,2026-04-21,0,0
5100,60511,CAMINHAO VOLVO FMX 540 QXR-8J95,QXR-8J95,VOLVO FMX 540,200,CARTER MOTOR,258838,2026-04-20,1,NORMAL,2026-04-21,0,0
5099,60275,MOTOCICLETA YAMAHA CROSSER Z TEE-8C25,TEE-8C25,YAMAHA CROSSER Z,200,CARTER MOTOR,59085,2026-04-20,1,NORMAL,2026-04-21,0,0
5098,60271,MOTOCICLETA YAMAHA XTZ 150Z HIV-9I36,HIV-9I36,YAMAHA XTZ CROSSER 150Z,200,CARTER MOTOR,70522,2026-04-20,1,NORMAL,2026-04-21,0,0
5097,60269,MOTOCICLETA YAMAHA XTZ 150Z HIV-9H60,HIV-9H60,YAMAHA XTZ CROSSER 150Z,200,CARTER MOTOR,79537,2026-04-20,1,NORMAL,2026-04-21,0,0
5096,60265,MOTOCICLETA YAMAHA XTZ 150S SHP-1F43,SHP-1F43,YAMAHA XTZ CROSSER 150S,200,CARTER MOTOR,98960,2026-04-20,1,VISCOSIDADE FORA,2026-04-21,0,0
5095,60255,MOTOCICLETA HONDA NXR 160 BROS QWX-2J53,QWX-2J53,HONDA NXR 160 BROS,200,CARTER MOTOR,10789,2026-04-20,1,VISCOSIDADE FORA,2026-04-21,0,0
5094,60252,MOTOCICLETA HONDA NXR 160 BROS QPN-5I24,QPN-5I24,HONDA NXR 160 BROS,200,CARTER MOTOR,22695,2026-04-20,1,NORMAL,2026-04-21,0,0
5093,60251,MOTOCICLETA HONDA NXR 160 BROS QOU-8C22,QOU-8C22,HONDA NXR 160 BROS,200,CARTER MOTOR,118800,2026-04-20,1,NORMAL,2026-04-21,0,0
5092,60080,AUTOMOVEL FIAT MOBI LIKE RVI-8G49,RVI-8G49,FIAT MOBI LIKE,200,CARTER MOTOR,303394,2026-04-20,1,NORMAL,2026-04-21,0,0
5091,60050,AUTOMOVEL FIAT STRADA FREEDOM SIX-5D36,SIX-5D36,FIAT STRADA FREEDOM,200,CARTER MOTOR,155605,2026-04-20,1,NORMAL,2026-04-21,0,0
5090,61252,CAMINHAO VOLVO VM 330 QXX-3J86,QXX-3J86,VOLVO VM 330,200,CARTER MOTOR,288806,2026-04-20,1,CRITICO,2026-04-20,0,0
5089,62239,TRATOR JOHN DEERE 6190J,AAA-9999,JOHN DEERE 6190J,200,CARTER MOTOR,11188,2026-04-18,1,NORMAL,2026-04-20,0,0
5088,62221,TRATOR JOHN DEERE 5090E,AAA-9999,JOHN DEERE 5090E,200,CARTER MOTOR,4220,2026-04-18,1,NORMAL,2026-04-20,0,0
5087,62268,TRATOR JOHN DEERE 5090E,AAA-9999,JOHN DEERE 5090E,213,TRANSMISSAO,3906,2026-04-20,1,NORMAL,2026-04-20,0,0
5086,60913,CAMINHAO VOLVO VM 270 SHJ-5F27,SHJ-5F27,VOLVO VM 270 - HORIMETRO,200,CARTER MOTOR,7541,2026-04-18,1,NORMAL,2026-04-20,0,0
5085,60262,MOTOCICLETA YAMAHA XTZ 150S RUE-1I68,RUE-1I68,YAMAHA XTZ CROSSER 150S,200,CARTER MOTOR,74895,2026-04-18,1,VISCOSIDADE FORA,2026-04-20,0,0
5084,62283,TRATOR JOHN DEERE 6190J,AAA-9999,JOHN DEERE 6190J,200,CARTER MOTOR,765,2026-04-18,1,NORMAL,2026-04-20,0,0
5083,62281,TRATOR JOHN DEERE 6190J,AAA-9999,JOHN DEERE 6190J,200,CARTER MOTOR,1152,2026-04-18,1,CRITICO,2026-04-20,0,0
5082,62282,TRATOR JOHN DEERE 6190J,AAA-9999,JOHN DEERE 6190J,200,CARTER MOTOR,787,2026-04-18,1,CRITICO,2026-04-20,0,0
5081,62231,TRATOR VALTRA BH 224,AAA-9999,VALTRA BH 224,200,CARTER MOTOR,7356,2026-04-20,1,NORMAL,2026-04-20,0,0
5080,62227,TRATOR JOHN DEERE 7230J,AAA-9999,JOHN DEERE 7230J,200,CARTER MOTOR,22479,1226-04-18,1,NORMAL,2026-04-20,0,0
5079,60905,CAMINHAO VOLVO VM 290 TFA-0F47,TFA-0F47,VOLVO VM 290 - HORIMETRO,200,CARTER MOTOR,3887,2026-04-20,1,NORMAL,2026-04-20,0,0
5078,60536,CAMINHAO VOLVO FH 540 SHF-0J31,SHF-0J31,VOLVO FH 540,200,CARTER MOTOR,312005,2026-04-20,1,NORMAL,2026-04-20,0,0
5077,62268,TRATOR JOHN DEERE 5090E,AAA-9999,JOHN DEERE 5090E,200,CARTER MOTOR,3906,2026-04-20,1,NORMAL,2026-04-20,0,0
5076,62519,COLHEDORA JOHN DEERE CH570,AAA-9999,JOHN DEERE CH570,200,CARTER MOTOR,63103,2026-04-18,1,NORMAL,2026-04-20,0,0
5075,62260,TRATOR JOHN DEERE 6190J,AAA-9999,JOHN DEERE 6190J,200,CARTER MOTOR,8092,2026-04-16,1,CRITICO,2026-04-20,0,0
5074,60250,MOTOCICLETA HONDA NXR 160 BROS PRJ-7181,PRJ-7181,HONDA NXR 160 BROS,200,CARTER MOTOR,35774,2026-04-17,1,SÍLICA,2026-04-18,0,0
5073,62246,TRATOR JOHN DEERE 7230J,AAA-9999,JOHN DEERE 7230J,200,CARTER MOTOR,22673,2026-04-17,1,NORMAL,2026-04-18,0,0
5072,62229,TRATOR JOHN DEERE 7230J,AAA-9999,JOHN DEERE 7230J,200,CARTER MOTOR,14487,2026-04-17,1,NORMAL,2026-04-18,0,0
5071,60267,MOTOCICLETA HONDA NXR 160 BROS SYK-6H57,SYK-6H57,HONDA NXR 160 BROS,200,CARTER MOTOR,58871,2026-04-18,1,ÁGUA,2026-04-18,0,0
5070,60260,MOTOCICLETA HONDA NXR 160 BROS RNV-6J68,RNV-6J68,HONDA NXR 160 BROS,200,CARTER MOTOR,134180,2026-04-17,1,NORMAL,2026-04-18,0,0
5069,62514,COLHEDORA JOHN DEERE CH570,AAA-9999,JOHN DEERE CH570,200,CARTER MOTOR,10463,2026-04-17,1,NORMAL,2026-04-18,0,0
5068,62525,COLHEDORA JOHN DEERE CH570,AAA-9999,JOHN DEERE CH570,200,CARTER MOTOR,182,2026-04-17,1,NORMAL,2026-04-18,0,0
5067,62242,TRATOR JOHN DEERE 7230J,AAA-9999,JOHN DEERE 7230J,200,CARTER MOTOR,25237,2026-04-17,1,NORMAL,2026-04-18,0,0
5066,62271,TRATOR VALTRA BH 224,AAA-9999,VALTRA BH 224,200,CARTER MOTOR,3378,2026-04-17,1,NORMAL,2026-04-18,0,0
5065,62241,TRATOR JOHN DEERE 7230J,AAA-9999,JOHN DEERE 7230J,200,CARTER MOTOR,22519,2026-04-17,1,NORMAL,2026-04-18,0,0
5064,62521,COLHEDORA JOHN DEERE CH570,AAA-9999,JOHN DEERE CH570,216,REDUCAO FINAL L/D,6733,2026-04-17,1,ÁGUA,2026-04-17,0,0
5063,62521,COLHEDORA JOHN DEERE CH570,AAA-9999,JOHN DEERE CH570,215,REDUCAO FINAL L/E,6733,2026-04-17,1,NORMAL,2026-04-17,0,0
5062,62269,TRATOR JOHN DEERE 5090E,AAA-9999,JOHN DEERE 5090E,200,CARTER MOTOR,3848,2026-04-17,1,NORMAL,2026-04-17,0,0
5061,62521,COLHEDORA JOHN DEERE CH570,AAA-9999,JOHN DEERE CH570,200,CARTER MOTOR,6733,2026-04-17,1,NORMAL,2026-04-17,0,0
5060,62503,COLHEDORA JOHN DEERE CH570,AAA-9999,JOHN DEERE CH570,200,CARTER MOTOR,16127,2026-04-16,1,CRITICO,2026-04-17,0,0
5059,62265,TRATOR JOHN DEERE 7M230,AAA-9999,JOHN DEERE 7M230,200,CARTER MOTOR,5261,2026-04-16,1,NORMAL,2026-04-17,0,0
5058,60503,CAMINHAO VOLVO FMX 540 QUO-2D34,QUO-2D34,VOLVO FMX 540,200,CARTER MOTOR,405766,2026-04-16,1,NORMAL,2026-04-17,0,0
5057,62277,TRATOR JOHN DEERE 7M230,AAA-9999,JOHN DEERE 7M230,200,CARTER MOTOR,9411,2026-04-16,1,NORMAL,2026-04-17,0,0
5056,60908,CAMINHAO VOLVO VM 270 RCC-7F11,RCC-7F11,VOLVO VM 270 - HORIMETRO,200,CARTER MOTOR,18116,2026-04-16,1,SÍLICA,2026-04-17,0,0
5055,62521,COLHEDORA JOHN DEERE CH570,AAA-9999,JOHN DEERE CH570,217,CAIXA PICADOR,6733,2026-04-16,1,CRITICO,2026-04-17,0,0
5054,60110,AUTOMOVEL STRADA FREEDOM TCE-0C44,TCE-0C44,FIAT STRADA FREEDOM,202,CAIXA CAMBIO,104235,2026-04-16,1,NORMAL,2026-04-16,0,0
5053,60809,CAMINHAO M.BENZ 2729 ONS-1A54,ONS-1A54,M.BENZ 2729 - HORIMETRO,200,CARTER MOTOR,1842,2026-04-15,1,VISCOSIDADE FORA,2026-04-16,0,0
5052,60528,CAMINHAO VOLVO FM 540 SHC-9H40,SHC-9H40,VOLVO FM 540,200,CARTER MOTOR,388757,2026-04-15,1,VISCOSIDADE FORA,2026-04-16,0,0
5050,61254,CAMINHAO VOLVO VM 360 TEC-2C75,TEC-2C75,VOLVO VM 360,200,CARTER MOTOR,57935,2026-04-16,1,NORMAL,2026-04-16,0,0
5049,60061,AUTOMOVEL FIAT MOBI LIKE SIF-6A54,SIF-6A54,FIAT MOBI LIKE,202,CAIXA CAMBIO,171497,2026-04-16,1,NORMAL,2026-04-16,0,0
5048,60543,CAMINHAO VOLVO FM 540 SYK-4C71,SYK-4C71,VOLVO FM 540,200,CARTER MOTOR,2530233,2026-04-16,1,NORMAL,2026-04-16,0,0
5047,62513,COLHEDORA JOHN DEERE CH570,AAA-9999,JOHN DEERE CH570,200,CARTER MOTOR,9925,2026-04-15,1,NORMAL,2026-04-16,0,0
5046,65702,MOTOR GERADOR CUMMINS QSX15-G9,AAA-9999,CUMMINS QSX15-G9,200,CARTER MOTOR,5169,2026-04-15,1,NORMAL,2026-04-16,0,0
5045,60201,AUTOMOVEL FIAT STRADA ENDURANCE RNJ-6G64,RNJ-6G64,FIAT STRADA ENDURANCE,200,CARTER MOTOR,104424,2026-04-15,1,NORMAL,2026-04-16,0,0
5044,60808,CAMINHAO MUNCK VOLVO VM 270 RCE-9C39,RCE-9C39,VOLVO VM 270 - HORIMETRO,200,CARTER MOTOR,15476,2026-04-15,1,NORMAL,2026-04-16,0,0
5043,60064,AUTOMOVEL FIAT STRADA FREEDOM TCR-5E54,TCR-5E54,FIAT STRADA FREEDOM,200,CARTER MOTOR,128303,2026-04-14,1,NORMAL,2026-04-16,0,0
5042,62520,COLHEDORA JOHN DEERE CH570,AAA-9999,JOHN DEERE CH570,200,CARTER MOTOR,6614,2026-04-15,1,NORMAL,2026-04-16,0,0
5041,65007,MOTOR IRRIGACAO MWM 6.12 TCA,AAA-9999,MWM 6.12 TCA,200,CARTER MOTOR,3852,2026-04-15,1,NORMAL,2026-04-16,0,0
5040,62234,TRATOR JOHN DEERE 7230J,AAA-9999,JOHN DEERE 7230J,213,TRANSMISSAO,22210,2026-04-15,1,NORMAL,2026-04-15,0,0
5039,62228,TRATOR JOHN DEERE 7230J,AAA-9999,JOHN DEERE 7230J,213,TRANSMISSAO,22113,2026-04-15,1,NORMAL,2026-04-15,0,0
5038,60091,AUTOMOVEL FIAT STRADA ENDURANCE RVU-9I75,RVU-9I75,FIAT STRADA ENDURANCE,202,CAIXA CAMBIO,185573,2026-04-14,1,CRITICO,2026-04-15,0,0
5037,60250,MOTOCICLETA HONDA NXR 160 BROS PRJ-7181,PRJ-7181,HONDA NXR 160 BROS,200,CARTER MOTOR,35774,2026-04-14,1,NORMAL,2026-04-15,0,0
5036,60056,AUTOMOVEL VW SAVEIRO CD RB MF TCN-5A75,TCN-5A75,VW SAVEIRO CD RB MF,200,CARTER MOTOR,91096,2026-04-14,1,NORMAL,2026-04-15,0,0
5035,60914,CAMINHAO VOLVO VM 270 SHJ-5F26,SHJ-5F26,VOLVO VM 270 - HORIMETRO,200,CARTER MOTOR,11545,2026-04-14,1,NORMAL,2026-04-15,0,0
5034,60274,MOTOCICLETA YAMAHA CROSSER Z TEE-8C22,TEE-8C22,YAMAHA CROSSER Z,200,CARTER MOTOR,36540,2026-04-14,1,VISCOSIDADE FORA,2026-04-15,0,0
5033,60546,CAMINHAO VOLVO FM 540 TFF-1J01,TFF-1J01,VOLVO FM 540,200,CARTER MOTOR,41249,2026-04-14,1,NORMAL,2026-04-15,0,0
5032,60100,AUTOMOVEL VW POLO TRACK MA SYR-5F15,SYR-5F15,VW POLO TRACK MA,200,CARTER MOTOR,127839,2026-04-14,1,NORMAL,2026-04-15,0,0
5031,60258,MOTOCICLETA HONDA NXR 160 BROS RNO-8F75,RNO-8F75,HONDA NXR 160 BROS,200,CARTER MOTOR,182319,2026-04-14,1,NORMAL,2026-04-15,0,0
5030,60083,AUTOMOVEL FIAT MOBI LIKE RVI-4A91,RVI-4A91,FIAT MOBI LIKE,200,CARTER MOTOR,226680,2026-04-14,1,NORMAL,2026-04-15,0,0
5029,65802,MOTOR ESTACIONARIO CUMMINS C500 D6B,AAA-9999,CUMMINS C500 D6B,200,CARTER MOTOR,455,2026-04-14,1,NORMAL,2026-04-15,0,0
5028,60109,AUTOMOVEL FIAT MOBI LIKE TCC-6D99,TCC-6D99,FIAT MOBI LIKE,200,CARTER MOTOR,118949,2026-04-14,1,NORMAL,2026-04-15,0,0
5027,60909,CAMINHAO VOLVO VM 270 RCC-7F21,RCC-7F21,VOLVO VM 270 - HORIMETRO,200,CARTER MOTOR,8138,2026-04-14,1,NORMAL,2026-04-15,0,0
5026,64002,PA CARREGADEIRA JOHN DEERE 624K,AAA-9999,JOHN DEERE 624K,200,CARTER MOTOR,26371,2026-04-14,1,NORMAL,2026-04-15,0,0
5025,66112,TRATOR HUSQVARNA TS138L,AAA-9999,HUSQVARNA TS138L,200,CARTER MOTOR,508535,2026-04-13,1,NORMAL,2026-04-15,0,0
5024,61150,CAMINHAO VOLVO VM 270 SHJ-5F62,SHJ-5F62,VOLVO VM 270 - HORIMETRO,200,CARTER MOTOR,3465,2026-04-15,1,VISCOSIDADE FORA,2026-04-15,0,0
5023,60065,AUTOMOVEL FIAT MOBI LIKE TDF-8D90,TDF-8D90,FIAT MOBI LIKE,202,CAIXA CAMBIO,125467,2026-04-14,1,CRITICO,2026-04-14,0,0
5022,61250,CAMINHAO VOLVO VM 330 QXH-9D44,QXH-9D44,VOLVO VM 330,200,CARTER MOTOR,291221,2026-04-14,1,NORMAL,2026-04-14,0,0
5021,60271,MOTOCICLETA YAMAHA XTZ 150Z HIV-9I36,HIV-9I36,YAMAHA XTZ CROSSER 150Z,200,CARTER MOTOR,69358,2026-04-14,1,NORMAL,2026-04-14,0,0
5020,60265,MOTOCICLETA YAMAHA XTZ 150S SHP-1F43,SHP-1F43,YAMAHA XTZ CROSSER 150S,200,CARTER MOTOR,98051,2026-04-14,1,NORMAL,2026-04-14,0,0
5019,60252,MOTOCICLETA HONDA NXR 160 BROS QPN-5I24,QPN-5I24,HONDA NXR 160 BROS,200,CARTER MOTOR,21883,2026-04-14,1,NORMAL,2026-04-14,0,0
5018,60108,AUTOMOVEL VW SAVEIRO CS RB MF TEL-3J69,TEL-3J69,VW SAVEIRO CS RB MF,200,CARTER MOTOR,24433,2026-04-14,1,NORMAL,2026-04-14,0,0
5017,60107,AUTOMOVEL VW SAVEIRO CS RB MF QXW-9B26,QXW-9B26,VW SAVEIRO CS RB MF,200,CARTER MOTOR,115141,2026-04-14,1,NORMAL,2026-04-14,0,0
5016,60065,AUTOMOVEL FIAT MOBI LIKE TDF-8D90,TDF-8D90,FIAT MOBI LIKE,200,CARTER MOTOR,125467,2026-04-14,1,NORMAL,2026-04-14,0,0
5015,60057,AUTOMOVEL FIAT STRADA FREEDOM TCF-4G86,TCF-4G86,FIAT STRADA FREEDOM,200,CARTER MOTOR,175137,2026-04-14,1,NORMAL,2026-04-14,0,0
5014,60542,CAMINHAO VOLVO FM 540 SYK-4C77,SYK-4C77,VOLVO FM 540,200,CARTER MOTOR,242582,2026-04-13,1,NORMAL,2026-04-14,0,0
5013,61252,CAMINHAO VOLVO VM 330 QXX-3J86,QXX-3J86,VOLVO VM 330,200,CARTER MOTOR,288806,2026-04-13,1,NORMAL,2026-04-14,0,0
5012,61151,CAMINHAO VOLVO VM 270 QXH-9350,QXH-9350,VOLVO VM 270 - HORIMETRO,200,CARTER MOTOR,1641,2026-04-13,1,NORMAL,2026-04-14,0,0
5011,61002,CAMINHAO MUNCK VW 11180 SCW-8C62,SCW-8C62,VW 11180 - HORIMETRO,200,CARTER MOTOR,11325,2026-04-13,1,NORMAL,2026-04-14,0,0
5010,62001,CARREGADEIRA VALTRA BM100,AAA-9999,VALTRA BM100,202,CAIXA CAMBIO,198,2026-04-13,1,VISCOSIDADE FORA,2026-04-14,0,0
5009,60272,MOTOCICLETA YAMAHA XTZ 150Z HIV-6J76,HIV-6J76,YAMAHA XTZ CROSSER 150Z,200,CARTER MOTOR,82154,2026-04-13,1,NORMAL,2026-04-14,0,0
5008,60269,MOTOCICLETA YAMAHA XTZ 150Z HIV-9H60,HIV-9H60,YAMAHA XTZ CROSSER 150Z,200,CARTER MOTOR,78682,2026-04-13,1,NORMAL,2026-04-14,0,0
5007,60268,MOTOCICLETA YAMAHA XTZ 150Z HIV-9I15,HIV-9I15,YAMAHA XTZ CROSSER 150Z,200,CARTER MOTOR,114282,2026-04-13,1,NORMAL,2026-04-14,0,0
5006,60259,MOTOCICLETA HONDA NXR 160 BROS RNV-5F17,RNV-5F17,HONDA NXR 160 BROS,200,CARTER MOTOR,147205,2026-04-13,1,NORMAL,2026-04-14,0,0
5005,60254,MOTOCICLETA HONDA NXR 160 BROS PQZ-1B13,PQZ-1B13,HONDA NXR 160 BROS,200,CARTER MOTOR,3219,2026-04-13,1,NORMAL,2026-04-14,0,0
5004,60253,MOTOCICLETA HONDA NXR 160 BROS PQZ-1933,PQZ-1933,HONDA NXR 160 BROS,200,CARTER MOTOR,11255,2026-04-13,1,VISCOSIDADE FORA,2026-04-14,0,0
5003,60106,AUTOMOVEL VW SAVEIRO CD RB MF PVR-7B50,PVR-7B50,VW SAVEIRO CD RB MF,200,CARTER MOTOR,197635,2026-04-13,1,NORMAL,2026-04-14,0,0
5002,60097,AUTOMOVEL FIAT STRADA ENDURANCE SHW-6H54,SHW-6H54,FIAT STRADA ENDURANCE,200,CARTER MOTOR,192163,2026-04-13,1,NORMAL,2026-04-14,0,0
5001,60096,AUTOMOVEL VW GOL MPI SGT-0H04,SGT-0H04,VW GOL MPI,200,CARTER MOTOR,190769,2026-04-13,1,NORMAL,2026-04-14,0,0
5000,60084,AUTOMOVEL VW SAVEIRO CS RB MF QXW-9B30,QXW-9B30,VW SAVEIRO CS RB MF,200,CARTER MOTOR,104333,2026-04-13,1,VISCOSIDADE FORA,2026-04-14,0,0
4999,60081,AUTOMOVEL FIAT MOBI LIKE RVI-3E11,RVI-3E11,FIAT MOBI LIKE,200,CARTER MOTOR,276357,2026-04-13,1,NORMAL,2026-04-14,0,0
4998,60067,AUTOMOVEL FIAT STRADA ENDURANCE RUY-0J73,RUY-0J73,FIAT STRADA ENDURANCE,200,CARTER MOTOR,250443,2026-04-13,1,NORMAL,2026-04-14,0,0
4997,60066,AUTOMOVEL FIAT STRADA ENDURANCE RUY-1A20,RUY-1A20,FIAT STRADA ENDURANCE,200,CARTER MOTOR,173595,2026-04-13,1,NORMAL,2026-04-14,0,0
4996,60063,AUTOMOVEL FIAT STRADA ENDURANCE TCR-5E46,TCR-5E46,FIAT STRADA ENDURANCE,200,CARTER MOTOR,157499,2026-04-13,1,NORMAL,2026-04-14,0,0
4995,60059,AUTOMOVEL VW GOL MPI SGT-0H11,SGT-0H11,VW GOL MPI,200,CARTER MOTOR,240470,2026-04-13,1,NORMAL,2026-04-14,0,0
4994,60106,AUTOMOVEL VW SAVEIRO CD RB MF PVR-7B50,PVR-7B50,VW SAVEIRO CD RB MF,202,CAIXA CAMBIO,197635,2026-04-13,1,CRITICO,2026-05-14,0,0
4993,61153,CAMINHAO VOLVO VM 290 TEL-4A06,TEL-4A06,VOLVO VM 290 - HORIMETRO,200,CARTER MOTOR,1066,2026-04-13,1,NORMAL,2026-04-13,0,0
4992,62268,TRATOR JOHN DEERE 5090E,AAA-9999,JOHN DEERE 5090E,213,TRANSMISSAO,"003788,6",2026-04-11,1,NORMAL,2026-04-13,0,0
4991,60545,CAMINHAO VOLVO FM 540 SYK-4C58,SYK-4C58,VOLVO FM 540,200,CARTER MOTOR,05159672,2026-04-12,1,NORMAL,2026-04-13,0,0
4990,60262,MOTOCICLETA YAMAHA XTZ 150S RUE-1I68,RUE-1I68,YAMAHA XTZ CROSSER 150S,200,CARTER MOTOR,00977320,2026-04-11,1,NORMAL,2026-04-13,0,0
4989,62268,TRATOR JOHN DEERE 5090E,AAA-9999,JOHN DEERE 5090E,200,CARTER MOTOR,00037886,2026-04-11,1,NORMAL,2026-04-13,0,0
4988,61253,CAMINHAO VOLVO VM 360 TEC-2C38,TEC-2C38,VOLVO VM 360,200,CARTER MOTOR,00640205,2026-04-11,1,NORMAL,2026-04-13,0,0
4987,62284,TRATOR JOHN DEERE 7M230,AAA-9999,JOHN DEERE 7M230,212,EIXO DA TRACAO,1682,2026-04-10,1,NORMAL,2026-04-11,0,0
4986,62284,TRATOR JOHN DEERE 7M230,AAA-9999,JOHN DEERE 7M230,211,CUBO RODA DIANTEIRA L/E,1682,2026-04-10,1,LEVES LIMALHA,2026-04-11,0,0
4985,62284,TRATOR JOHN DEERE 7M230,AAA-9999,JOHN DEERE 7M230,210,CUBO RODA DIANTEIRA L/D,1682,2026-04-10,1,LEVES LIMALHA,2026-04-11,0,0
4984,62211,TRATOR VALTRA A950,AAA-9999,VALTRA A950,211,CUBO RODA DIANTEIRA L/E,8249,2026-04-10,1,NORMAL,2026-04-11,0,0
4983,62211,TRATOR VALTRA A950,AAA-9999,VALTRA A950,210,CUBO RODA DIANTEIRA L/D,8249,2026-04-10,1,NORMAL,2026-04-11,0,0
4982,60913,CAMINHAO VOLVO VM 270 SHJ-5F27,SHJ-5F27,VOLVO VM 270 - HORIMETRO,202,CAIXA CAMBIO,7507,2026-04-10,1,NORMAL,2026-04-11,0,0
4981,60916,CAMINHAO VOLVO VM 290 SYW-5J48,SYW-5J48,VOLVO VM 290 - HORIMETRO,200,CARTER MOTOR,2714,2026-04-10,1,NORMAL,2026-04-11,0,0
4980,60548,CAMINHAO VOLVO FM 540 TFK-4G41,TFK-4G41,VOLVO FM 540,200,CARTER MOTOR,38102,2026-04-10,1,NORMAL,2026-04-11,0,0
4979,60545,CAMINHAO VOLVO FM 540 SYK-4C58,SYK-4C58,VOLVO FM 540,200,CARTER MOTOR,244258,2026-04-10,1,NORMAL,2026-04-11,0,0
4978,60541,CAMINHAO VOLVO FM 540 SYK-4C76,SYK-4C76,VOLVO FM 540,200,CARTER MOTOR,212690,2026-04-10,1,NORMAL,2026-04-11,0,0
4977,60521,CAMINHAO VOLVO FMX 540 RCN-0G11,RCN-0G11,VOLVO FMX 540,200,CARTER MOTOR,354974,2026-04-10,1,VISCOSIDADE FORA,2026-04-11,0,0
4976,60506,CAMINHAO VOLVO FMX 540 QXM-3H03,QXM-3H03,VOLVO FMX 540,200,CARTER MOTOR,405124,2026-04-10,1,NORMAL,2026-04-11,0,0
4975,62200,TRATOR JOHN DEERE 6190J,AAA-9999,JOHN DEERE 6190J,213,TRANSMISSAO,3107,2026-04-10,1,NORMAL,2026-04-11,0,0
4974,62200,TRATOR JOHN DEERE 6190J,AAA-9999,JOHN DEERE 6190J,213,TRANSMISSAO,3107,2026-04-10,1,NORMAL,2026-04-11,0,0
4973,62214,TRATOR VALTRA A950,AAA-9999,VALTRA A950,212,EIXO DA TRACAO,7906,2026-04-10,1,CRITICO,2026-04-10,0,0
4972,62200,TRATOR JOHN DEERE 6190J,AAA-9999,JOHN DEERE 6190J,212,EIXO DA TRACAO,3107,2026-04-10,1,NORMAL,2026-04-10,0,0
4971,61152,CAMINHAO VOLVO VM 270 RCG-2J33,RCG-2J33,VOLVO VM 270 - HORIMETRO,205,DIFERENCIAL 2º,1512,2026-04-09,1,NORMAL,2026-04-10,0,0
4970,61152,CAMINHAO VOLVO VM 270 RCG-2J33,RCG-2J33,VOLVO VM 270 - HORIMETRO,204,DIFERENCIAL 1º,1512,2026-04-09,1,NORMAL,2026-04-10,0,0
4969,61152,CAMINHAO VOLVO VM 270 RCG-2J33,RCG-2J33,VOLVO VM 270 - HORIMETRO,202,CAIXA CAMBIO,1512,2026-04-09,1,VISCOSIDADE FORA,2026-04-10,0,0
4968,60078,AUTOMOVEL FIAT STRADA FREEDOM RVD-5C08,RVD-5C08,FIAT STRADA FREEDOM,202,CAIXA CAMBIO,152783,2026-04-09,1,NORMAL,2026-04-10,0,0
4967,62211,TRATOR VALTRA A950,AAA-9999,VALTRA A950,200,CARTER MOTOR,8249,2026-04-10,1,NORMAL,2026-04-10,0,0
4966,62200,TRATOR JOHN DEERE 6190J,AAA-9999,JOHN DEERE 6190J,200,CARTER MOTOR,3107,2026-04-09,1,NORMAL,2026-04-10,0,0
4965,61152,CAMINHAO VOLVO VM 270 RCG-2J33,RCG-2J33,VOLVO VM 270 - HORIMETRO,200,CARTER MOTOR,3107,2026-04-10,1,NORMAL,2026-04-10,0,0
4964,60275,MOTOCICLETA YAMAHA CROSSER Z TEE-8C25,TEE-8C25,YAMAHA CROSSER Z,200,CARTER MOTOR,57873,2026-04-09,1,NORMAL,2026-04-10,0,0
4963,60093,AUTOMOVEL FIAT STRADA ENDURANCE SHK-1E11,SHK-1E11,FIAT STRADA ENDURANCE,200,CARTER MOTOR,301490,2026-04-09,1,NORMAL,2026-04-10,0,0
4962,60113,AUTOMOVEL RENAULT OROCH INTENSE TEX-2E65,TEX-2E65,RENAULT OROCH INTENSE,200,CARTER MOTOR,33864,2026-04-09,1,NORMAL,2026-04-10,0,0
4961,60063,AUTOMOVEL FIAT STRADA ENDURANCE TCR-5E46,TCR-5E46,FIAT STRADA ENDURANCE,202,CAIXA CAMBIO,156258,2026-04-08,1,VISCOSIDADE FORA,2026-04-09,0,0
4960,62270,TRATOR JOHN DEERE 5090E,AAA-9999,JOHN DEERE 5090E,200,CARTER MOTOR,3276,2026-04-08,1,NORMAL,2026-04-09,0,0
4959,62249,TRATOR JOHN DEERE 7230J,AAA-9999,JOHN DEERE 7230J,200,CARTER MOTOR,14086,2026-04-08,1,NORMAL,2026-04-09,0,0
4958,62216,TRATOR JOHN DEERE 5090E,AAA-9999,JOHN DEERE 5090E,200,CARTER MOTOR,1943,2026-04-08,1,NORMAL,2026-04-09,0,0
4957,62207,TRATOR JOHN DEERE 5090E,AAA-9999,JOHN DEERE 5090E,200,CARTER MOTOR,2227,2026-04-08,1,NORMAL,2026-04-09,0,0
4956,62206,TRATOR JOHN DEERE 5090E,AAA-9999,JOHN DEERE 5090E,200,CARTER MOTOR,10948,2026-04-08,1,NORMAL,2026-04-09,0,0
4955,62204,TRATOR JOHN DEERE 7230J,AAA-9999,JOHN DEERE 7230J,200,CARTER MOTOR,22402,2026-04-08,1,NORMAL,2026-04-09,0,0
4954,60273,MOTOCICLETA YAMAHA XTZ 150Z HIV-6J77,HIV-6J77,YAMAHA XTZ CROSSER 150Z,200,CARTER MOTOR,40112,2026-04-09,1,NORMAL,2026-04-09,0,0
4953,60061,AUTOMOVEL FIAT MOBI LIKE SIF-6A54,SIF-6A54,FIAT MOBI LIKE,200,CARTER MOTOR,169516,2026-04-08,1,NORMAL,2026-04-09,0,0
4952,62229,TRATOR JOHN DEERE 7230J,AAA-9999,JOHN DEERE 7230J,213,TRANSMISSAO,24340,2026-04-08,1,NORMAL,2026-04-09,0,0
4951,60809,CAMINHAO M.BENZ 2729 ONS-1A54,ONS-1A54,M.BENZ 2729 - HORIMETRO,202,CAIXA CAMBIO,1763,2026-04-07,1,VISCOSIDADE FORA,2026-04-08,0,0
4950,62285,TRATOR VALTRA BH185i,AAA-9999,VALTRA BH185I,200,CARTER MOTOR,125,2026-04-07,1,NORMAL,2026-04-08,0,0
4949,62278,TRATOR JOHN DEERE 7M230,AAA-9999,JOHN DEERE 7M230,200,CARTER MOTOR,1078,2026-04-07,1,NORMAL,2026-04-08,0,0
4948,62274,TRATOR JOHN DEERE 7M230,AAA-9999,JOHN DEERE 7M230,200,CARTER MOTOR,1866,2026-04-07,1,NORMAL,2026-04-08,0,0
4947,62253,TRATOR JOHN DEERE 6190J,AAA-9999,JOHN DEERE 6190J,200,CARTER MOTOR,11702,2026-04-07,1,NORMAL,2026-04-08,0,0
4946,62252,TRATOR JOHN DEERE 7230J,AAA-9999,JOHN DEERE 7230J,200,CARTER MOTOR,11584,2026-04-07,1,NORMAL,2026-04-08,0,0
4945,62240,TRATOR JOHN DEERE 7230J,AAA-9999,JOHN DEERE 7230J,200,CARTER MOTOR,10845,2026-04-07,1,NORMAL,2026-04-08,0,0
4944,62222,TRATOR JOHN DEERE 6190J,AAA-9999,JOHN DEERE 6190J,200,CARTER MOTOR,13630,2026-04-07,1,VISCOSIDADE FORA,2026-04-08,0,0
4943,62215,TRATOR JOHN DEERE 6190J,AAA-9999,JOHN DEERE 6190J,200,CARTER MOTOR,10815,2026-04-07,1,NORMAL,2026-04-08,0,0
4942,62222,TRATOR JOHN DEERE 6190J,AAA-9999,JOHN DEERE 6190J,213,TRANSMISSAO,13630,2026-04-07,1,NORMAL,2026-04-08,0,0
4941,60063,AUTOMOVEL FIAT STRADA ENDURANCE TCR-5E46,TCR-5E46,FIAT STRADA ENDURANCE,200,CARTER MOTOR,155625,2026-04-07,1,NORMAL,2026-04-08,0,0
4940,60814,CAMINHAO VW 9180 RII-0G62,RII-0G62,VW 9180,202,CAIXA CAMBIO,83613,2026-04-06,1,NORMAL,2026-04-07,0,0
4939,60518,CAMINHAO VOLVO FMX 540 PRO-7C21,PRO-7C21,VOLVO FMX 540,202,CAIXA CAMBIO,515967,2026-04-06,1,NORMAL,2026-04-07,0,0
4938,62257,TRATOR JOHN DEERE 6190J,AAA-9999,JOHN DEERE 6190J,200,CARTER MOTOR,9783,2026-04-07,1,NORMAL,2026-04-07,0,0
4937,62232,TRATOR JOHN DEERE 7230J,AAA-9999,JOHN DEERE 7230J,200,CARTER MOTOR,1763,2026-04-06,1,NORMAL,2026-04-07,0,0
4936,62205,TRATOR JOHN DEERE 5090E,AAA-9999,JOHN DEERE 5090E,200,CARTER MOTOR,14005,2026-04-07,1,NORMAL,2026-04-07,0,0
4935,60265,MOTOCICLETA YAMAHA XTZ 150S SHP-1F43,SHP-1F43,YAMAHA XTZ CROSSER 150S,200,CARTER MOTOR,72248,2026-04-06,1,NORMAL,2026-04-07,0,0
4934,60261,MOTOCICLETA HONDA NXR 160 BROS RNV- 6J72,RNV-6J72,HONDA NXR 160 BROS,200,CARTER MOTOR,79881,2026-04-06,1,NORMAL,2026-04-07,0,0
4933,60093,AUTOMOVEL FIAT STRADA ENDURANCE SHK-1E11,SHK-1E11,FIAT STRADA ENDURANCE,200,CARTER MOTOR,300966,2026-04-06,1,NORMAL,2026-04-07,0,0
4932,60530,CAMINHAO VOLVO FM 540 SHC-9H38,SHC-9H38,VOLVO FM 540,200,CARTER MOTOR,316528,2026-04-06,1,NORMAL,2026-04-06,0,0
4931,60064,AUTOMOVEL FIAT STRADA FREEDOM TCR-5E54,TCR-5E54,FIAT STRADA FREEDOM,202,CAIXA CAMBIO,117374,2026-04-06,1,VISCOSIDADE FORA,2026-04-06,0,0
4930,60101,AUTOMOVEL VW POLO TRACK MA SYR-1G43,SYR-1G43,VW POLO TRACK MA,200,CARTER MOTOR,84772,2026-04-06,1,NORMAL,2026-04-06,0,0
4929,60265,MOTOCICLETA YAMAHA XTZ 150S SHP-1F43,SHP-1F43,YAMAHA XTZ CROSSER 150S,200,CARTER MOTOR,96496,2026-04-06,1,VISCOSIDADE FORA,2026-04-06,0,0
4928,60818,CAMINHAO VW 15190 GDF-9G83,GDF-9G83,VW 15190 - HORIMETRO,202,CAIXA CAMBIO,235864,2026-04-06,1,NORMAL,2026-04-06,0,0
4927,60806,CAMINHAO VOLVO VM 270 RCE-8J59,RCE-8J59,VOLVO VM 270,202,CAIXA CAMBIO,265844,2026-04-06,1,NORMAL,2026-04-06,0,0
4926,62230,TRATOR VALTRA BH 224,AAA-9999,VALTRA BH 224,202,CAIXA CAMBIO,6117,2026-04-04,1,NORMAL,2026-04-06,0,0
4925,64101,RETROESCAVADEIRA JOHN DEERE 310P,AAA-9999,JOHN DEERE 310P,200,CARTER MOTOR,5062,2026-04-05,1,NORMAL,2026-04-06,0,0
4924,62266,TRATOR JOHN DEERE 7M230,AAA-9999,JOHN DEERE 7M230,200,CARTER MOTOR,5752,2026-04-04,1,NORMAL,2026-04-06,0,0
4923,62264,TRATOR JOHN DEERE 7M230,AAA-9999,JOHN DEERE 7M230,200,CARTER MOTOR,5742,2026-04-04,1,NORMAL,2026-04-06,0,0
4922,62263,TRATOR JOHN DEERE 7M230,AAA-9999,JOHN DEERE 7M230,200,CARTER MOTOR,6773,2026-04-04,1,NORMAL,2026-04-06,0,0
4921,60260,MOTOCICLETA HONDA NXR 160 BROS RNV-6J68,RNV-6J68,HONDA NXR 160 BROS,200,CARTER MOTOR,133180,2026-04-06,1,NORMAL,2026-04-06,0,0
4920,62232,TRATOR JOHN DEERE 7230J,AAA-9999,JOHN DEERE 7230J,200,CARTER MOTOR,1745,2026-04-04,1,NORMAL,2026-04-06,0,0
4919,62230,TRATOR VALTRA BH 224,AAA-9999,VALTRA BH 224,200,CARTER MOTOR,6117,2026-04-04,1,NORMAL,2026-04-06,0,0
4918,62203,TRATOR JOHN DEERE 6190J,AAA-9999,JOHN DEERE 6190J,200,CARTER MOTOR,12779,2026-04-05,1,CRITICO,2026-04-06,0,0
4917,60264,MOTOCICLETA YAMAHA XTZ 150S RUS-1E27,RUS-1E27,YAMAHA XTZ CROSSER 150S,200,CARTER MOTOR,59284,2026-04-06,1,NORMAL,2026-04-06,0,0
4916,60270,MOTOCICLETA YAMAHA XTZ 150Z HIV-6J84,HIV-6J84,YAMAHA XTZ CROSSER 150Z,200,CARTER MOTOR,71103,2026-04-06,1,VISCOSIDADE FORA,2026-04-06,0,0
4915,60062,AUTOMOVEL VW GOL MC4 QXX-4A23,QXX-4A23,VW GOL L MC4,200,CARTER MOTOR,305406,2026-04-06,1,NORMAL,2026-04-06,0,0
4914,62266,TRATOR JOHN DEERE 7M230,AAA-9999,JOHN DEERE 7M230,213,TRANSMISSAO,5752,2026-04-04,1,NORMAL,2026-04-06,0,0
4913,62277,TRATOR JOHN DEERE 7M230,AAA-9999,JOHN DEERE 7M230,213,TRANSMISSAO,797,2026-04-04,1,NORMAL,2026-04-06,0,0
4912,60505,CAMINHAO VOLVO FMX 540 QXM-3G99,QXM-3G99,VOLVO FMX 540,200,CARTER MOTOR,373014,2026-04-04,1,NORMAL,2026-04-04,0,0
4911,62282,TRATOR JOHN DEERE 6190J,AAA-9999,JOHN DEERE 6190J,200,CARTER MOTOR,568,2026-04-04,1,NORMAL,2026-04-04,0,0
4910,62281,TRATOR JOHN DEERE 6190J,AAA-9999,JOHN DEERE 6190J,200,CARTER MOTOR,967,2026-04-04,1,NORMAL,2026-04-04,0,0
4909,62213,TRATOR VALTRA A950,AAA-9999,VALTRA A950,200,CARTER MOTOR,7896,2026-04-04,1,NORMAL,2026-04-04,0,0
4908,62282,TRATOR JOHN DEERE 6190J,AAA-9999,JOHN DEERE 6190J,213,TRANSMISSAO,568,2026-04-04,1,NORMAL,2026-04-04,0,0
4907,62521,COLHEDORA JOHN DEERE CH570,AAA-9999,JOHN DEERE CH570,215,REDUCAO FINAL L/E,6627,2026-04-03,1,ÁGUA,2026-04-04,0,0
4906,62521,COLHEDORA JOHN DEERE CH570,AAA-9999,JOHN DEERE CH570,216,REDUCAO FINAL L/D,6627,2026-04-03,1,ÁGUA,2026-04-04,0,0
4905,62519,COLHEDORA JOHN DEERE CH570,AAA-9999,JOHN DEERE CH570,215,REDUCAO FINAL L/E,6170,2026-04-03,1,ÁGUA,2026-04-04,0,0
4904,62519,COLHEDORA JOHN DEERE CH570,AAA-9999,JOHN DEERE CH570,216,REDUCAO FINAL L/D,6170,2026-04-03,1,ÁGUA,2026-04-04,0,0
4903,62517,COLHEDORA JOHN DEERE CH570,AAA-9999,JOHN DEERE CH570,215,REDUCAO FINAL L/E,8311,2026-04-03,1,ÁGUA,2026-04-04,0,0
4902,62517,COLHEDORA JOHN DEERE CH570,AAA-9999,JOHN DEERE CH570,216,REDUCAO FINAL L/D,8311,2026-04-03,1,NORMAL,2026-04-04,0,0
4901,62514,COLHEDORA JOHN DEERE CH570,AAA-9999,JOHN DEERE CH570,216,REDUCAO FINAL L/D,10341,2026-04-03,1,ÁGUA,2026-04-04,0,0
4900,60916,CAMINHAO VOLVO VM 290 SYW-5J48,SYW-5J48,VOLVO VM 290 - HORIMETRO,202,CAIXA CAMBIO,2676,2026-04-04,1,NORMAL,2026-04-04,0,0
4899,62214,TRATOR VALTRA A950,AAA-9999,VALTRA A950,200,CARTER MOTOR,7906,2026-04-04,1,NORMAL,2026-04-04,0,0
4898,62202,TRATOR VALTRA BH 224,AAA-9999,VALTRA BH 224,200,CARTER MOTOR,10762,2026-04-03,1,NORMAL,2026-04-04,0,0
4897,62283,TRATOR JOHN DEERE 6190J,AAA-9999,JOHN DEERE 6190J,213,TRANSMISSAO,612,2026-04-03,1,NORMAL,2026-04-04,0,0
4896,62237,TRATOR JOHN DEERE 7230J,AAA-9999,JOHN DEERE 7230J,213,TRANSMISSAO,21281,2026-04-03,1,NORMAL,2026-04-04,0,0
4895,60908,CAMINHAO VOLVO VM 270 RCC-7F11,RCC-7F11,VOLVO VM 270 - HORIMETRO,200,CARTER MOTOR,17952,2026-04-02,1,NORMAL,2026-04-03,0,0
4894,60815,CAMINHAO MUNCK VW 13180 OAF-0H08,OAF-0H08,VW 13180 - HORIMETRO,200,CARTER MOTOR,1602,2026-04-02,1,NORMAL,2026-04-03,0,0
4893,62256,TRATOR JOHN DEERE 6190J,AAA-9999,JOHN DEERE 6190J,200,CARTER MOTOR,11336,2026-04-02,1,NORMAL,2026-04-03,0,0
4892,62523,COLHEDORA JOHN DEERE CH570,AAA-9999,JOHN DEERE CH570,200,CARTER MOTOR,3080,2026-04-02,1,NORMAL,2026-04-03,0,0
4891,60265,MOTOCICLETA YAMAHA XTZ 150S SHP-1F43,SHP-1F43,YAMAHA XTZ CROSSER 150S,200,CARTER MOTOR,96307,2026-04-02,1,NORMAL,2026-04-03,0,0
4890,60271,MOTOCICLETA YAMAHA XTZ 150Z HIV-9I36,HIV-9I36,YAMAHA XTZ CROSSER 150Z,200,CARTER MOTOR,68684,2026-04-02,1,NORMAL,2026-04-03,0,0
4889,60817,CAMINHAO VW 15190 PCG-8H55,PCG-8H55,VW 15190 - HORIMETRO,202,CAIXA CAMBIO,197677,2026-04-02,1,NORMAL,2026-04-03,0,0
4888,62203,TRATOR JOHN DEERE 6190J,AAA-9999,JOHN DEERE 6190J,200,CARTER MOTOR,12779,2026-04-01,1,CRITICO,2026-04-02,0,0
4887,60906,CAMINHAO VOLVO VM 270 QXX-5B99,QXX-5B99,VOLVO VM 270 - HORIMETRO,200,CARTER MOTOR,4478,2026-04-01,1,NORMAL,2026-04-02,0,0
4886,64202,MOTONIVELADORA JOHN DEERE 620P,AAA-9999,JOHN DEERE 620P,200,CARTER MOTOR,7422,2026-04-01,1,NORMAL,2026-04-02,0,0
4885,60521,CAMINHAO VOLVO FMX 540 RCN-0G11,RCN-0G11,VOLVO FMX 540,202,CAIXA CAMBIO,322461,2026-04-01,1,NORMAL,2026-04-02,0,0
4884,60815,CAMINHAO MUNCK VW 13180 OAF-0H08,OAF-0H08,VW 13180 - HORIMETRO,202,CAIXA CAMBIO,1588,2026-04-01,1,NORMAL,2026-04-02,0,0
4883,60268,MOTOCICLETA YAMAHA XTZ 150Z HIV-9I15,HIV-9I15,YAMAHA XTZ CROSSER 150Z,200,CARTER MOTOR,111960,2026-04-02,1,NORMAL,2026-04-02,0,0
4882,60263,MOTOCICLETA YAMAHA XTZ 150S RUZ-6B35,RUZ-6B35,YAMAHA XTZ CROSSER 150S,200,CARTER MOTOR,11442,2026-04-02,1,NORMAL,2026-04-02,0,0
4881,60085,AUTOMOVEL FIAT MOBI LIKE RVI-4A95,RVI-4A95,FIAT MOBI LIKE,200,CARTER MOTOR,260515,2026-04-01,1,NORMAL,2026-04-02,0,0
4880,60086,AUTOMOVEL FIAT MOBI LIKE RVI-4A99,RVI-4A99,FIAT MOBI LIKE,200,CARTER MOTOR,241905,2026-04-02,1,NORMAL,2026-04-02,0,0
4879,60251,MOTOCICLETA HONDA NXR 160 BROS QOU-8C22,QOU-8C22,HONDA NXR 160 BROS,200,CARTER MOTOR,117716,2026-04-01,1,NORMAL,2026-04-02,0,0
4878,60050,AUTOMOVEL FIAT STRADA FREEDOM SIX-5D36,SIX-5D36,FIAT STRADA FREEDOM,202,CAIXA CAMBIO,151132,2026-04-02,1,CRITICO,2026-04-02,0,0
4877,60085,AUTOMOVEL FIAT MOBI LIKE RVI-4A95,RVI-4A95,FIAT MOBI LIKE,202,CAIXA CAMBIO,260515,2026-04-01,1,NORMAL,2026-04-02,0,0
4876,64000,PA CARREGADEIRA JOHN DEERE 624K,AAA-9999,JOHN DEERE 624K,213,TRANSMISSAO,9803,2026-04-01,1,NORMAL,2026-04-02,0,0
4875,60528,CAMINHAO VOLVO FM 540 SHC-9H40,SHC-9H40,VOLVO FM 540,202,CAIXA CAMBIO,366102,2026-03-31,1,VISCOSIDADE FORA,2026-04-01,0,0
4874,62284,TRATOR JOHN DEERE 7M230,AAA-9999,JOHN DEERE 7M230,200,CARTER MOTOR,1604,2026-03-31,1,NORMAL,2026-04-01,0,0
4873,62279,TRATOR JOHN DEERE 7M230,AAA-9999,JOHN DEERE 7M230,200,CARTER MOTOR,1427,2026-03-31,1,NORMAL,2026-04-01,0,0
4872,62276,TRATOR JOHN DEERE 7M230,AAA-9999,JOHN DEERE 7M230,200,CARTER MOTOR,1002,2026-03-31,1,NORMAL,2026-04-01,0,0
4871,62275,TRATOR JOHN DEERE 7M230,AAA-9999,JOHN DEERE 7M230,200,CARTER MOTOR,1893,2026-03-31,1,NORMAL,2026-04-01,0,0
4870,62273,TRATOR JOHN DEERE 7M230,AAA-9999,JOHN DEERE 7M230,200,CARTER MOTOR,2274,2026-04-01,1,NORMAL,2026-04-01,0,0
4869,62272,TRATOR VALTRA BH 224,AAA-9999,VALTRA BH 224,200,CARTER MOTOR,2500,2026-03-31,1,NORMAL,2026-04-01,0,0
4868,62271,TRATOR VALTRA BH 224,AAA-9999,VALTRA BH 224,200,CARTER MOTOR,3177,2026-03-31,1,NORMAL,2026-04-01,0,0
4867,62247,TRATOR JOHN DEERE 7230J,AAA-9999,JOHN DEERE 7230J,200,CARTER MOTOR,20966,2026-03-31,1,SÍLICA,2026-04-01,0,0
4866,62227,TRATOR JOHN DEERE 7230J,AAA-9999,JOHN DEERE 7230J,200,CARTER MOTOR,22320,2026-03-31,1,NORMAL,2026-04-01,0,0
4865,62504,COLHEDORA JOHN DEERE CH570,AAA-9999,JOHN DEERE CH570,200,CARTER MOTOR,15848,2026-03-31,1,LEVES LIMALHA,2026-04-01,0,0
4864,60059,AUTOMOVEL VW GOL MPI SGT-0H11,SGT-0H11,VW GOL MPI,202,CAIXA CAMBIO,236545,2026-04-01,1,ÁGUA,2026-04-01,0,0
4863,60059,AUTOMOVEL VW GOL MPI SGT-0H11,SGT-0H11,VW GOL MPI,200,CARTER MOTOR,236545,2026-04-01,1,NORMAL,2026-04-01,0,0
4862,62522,COLHEDORA JOHN DEERE CH570,AAA-9999,JOHN DEERE CH570,200,CARTER MOTOR,3403,2026-03-31,1,NORMAL,2026-04-01,0,0
4861,62700,TRATOR UNIPORT VALTRA BS3330H,AAA-9999,VALTRA BS3330H,200,CARTER MOTOR,6294,2026-03-31,1,NORMAL,2026-04-01,0,0
4860,64002,PA CARREGADEIRA JOHN DEERE 624K,AAA-9999,JOHN DEERE 624K,200,CARTER MOTOR,26164,2026-03-31,1,NORMAL,2026-04-01,0,0
4859,60114,AUTOMOVEL RENAULT OROCH INTENSE TYC-9F69,TYC-9F69,RENAULT OROCH INTENSE,200,CARTER MOTOR,18736,2026-04-01,1,NORMAL,2026-04-01,0,0
4858,60050,AUTOMOVEL FIAT STRADA FREEDOM SIX-5D36,SIX-5D36,FIAT STRADA FREEDOM,200,CARTER MOTOR,150834,2026-04-01,1,NORMAL,2026-04-01,0,0
4857,60113,AUTOMOVEL RENAULT OROCH INTENSE TEX-2E65,TEX-2E65,RENAULT OROCH INTENSE,200,CARTER MOTOR,3274,2026-04-01,1,NORMAL,2026-04-01,0,0
4856,62273,TRATOR JOHN DEERE 7M230,AAA-9999,JOHN DEERE 7M230,213,TRANSMISSAO,2274,2026-04-01,1,NORMAL,2026-04-01,0,0
4855,62284,TRATOR JOHN DEERE 7M230,AAA-9999,JOHN DEERE 7M230,213,TRANSMISSAO,1604,2026-03-31,1,NORMAL,2026-04-01,0,0
4854,62281,TRATOR JOHN DEERE 6190J,AAA-9999,JOHN DEERE 6190J,213,TRANSMISSAO,950,2026-03-31,1,NORMAL,2026-04-01,0,0
4853,62521,COLHEDORA JOHN DEERE CH570,AAA-9999,JOHN DEERE CH570,217,CAIXA PICADOR,6627,2026-04-01,1,CRITICO,2026-04-01,0,0
